mutations,previously_observed,observed_minor_observed_major,rbd_stability,ace2_binding,class,change_in_size,change_in_polarity,change_in_charge,mutations,outcome
G339H,YES,"B.1.1.529/XBB,BA.2.86",0.118639,0,5,1,1,0,GH,TRUE
Q493R,YES,"B.1.1.529/BA.1,BA.2",-0.017792,-0.4068,2,0,0,1,QR,TRUE
S371L,YES,B.1.1.529/BA.1 ,-0.258961,0,4,0,-1,0,SL,TRUE
R356T,NO,,0.975192,0,5,-1,0,-1,RT,TRUE
G446S,YES,"B.1.1.529/BA.1,BA.2,BA.2.75,BA.2.86,CM.8,XBB",3.27468,-0.4243,3,1,1,0,GS,TRUE
R346T,YES,"B.1.1.529/BS.1,FV.1,BM.1,BM.4.1.1",1.1658,0,3,-1,0,-1,RT,TRUE
K444R,NO,,-0.307463,0.1076,3,0,0,0,KR,TRUE
L368I,YES,B.1.1.529/XBB,0.219104,0,4,0,0,0,LI,TRUE
K356T,YES,"HV.1.6.1,EG.5.1,B.1.1.529,XBB.1.9.2,HV.1.6,XBB,XBB.1.5.102,JD.1.1,XBB.1.9.1,FL.1.5,BM.4.1.1,DV.7.1.2,BM.4/BA.2.86,BS.1.1",0.975192,0,5,0,0,-1,KT,TRUE
L452R,YES,"B.1.1.529,XBB.1,EG.5.1,XBB.1.9,EG.5,XBB.1.9.2,XBB,XBB.1.5.102,FL.1.5,FL.1,BA.2,BA.2.86,BA.2.86.1BA.1.1,BA.1,BA.1.1.1,BA.2.3,BA.2.3.2,BM.1.1,BA.2.75.3/HV.1,CH.1.1,BS.1",0.433602,-0.403,3,1,1,1,LR,TRUE
N450D,YES,"/BA.2.3.20,BA.2.86",2.08412,0.0083,3,0,0,-1,ND,TRUE
V445P,YES,,-1.53247,0.041,3,0,0,0,VP,TRUE
R403K,YES,,1.11418,-0.33,1,0,0,0,RK,TRUE
G496S,YES,,-0.975262,-0.3769,3,1,1,0,GS,TRUE
N460K,YES,,-0.685154,-0.0114,1,0,0,1,NK,TRUE
L452M,YES,,0.0986298,0.0138,3,0,1,0,LM,TRUE
V445H,YES,,-0.0162919,-0.1025,3,1,1,0,VH,TRUE
R346K,YES,,0.517404,-0.0003,3,0,0,0,RK,TRUE
G476S,NO,,2.00844,1.5762,1,1,1,0,GS,TRUE
F486S,YES,,0.122657,2.9802,1,-1,1,0,FS,TRUE
L455S,YES,,1.4878,2.4025,1,0,1,0,LS,TRUE
E484R,NO,,0.517448,-0.1789,2,0,0,2,ER,TRUE
F486P,YES,,-0.665328,2.5484,1,-1,0,0,FP,TRUE
A475V,YES,,1.77751,3.91,1,0,0,0,AV,TRUE
F490S,YES,,1.76296,0.0091,2,-1,1,0,FS,TRUE
K444T,YES,,1.11373,0.2344,3,0,0,-1,KT,TRUE
L452W,YES,,0.791964,-0.26,3,1,0,0,LW,TRUE
E484K,YES,,0.377903,-0.1801,2,0,0,2,EK,TRUE
G485R,YES,,1.02518,-0.0026,2,1,1,1,GR,TRUE
T478R,YES,,-0.204132,0.046,2,1,0,1,TR,TRUE
F456L,YES,,1.43835,1.4902,1,-1,0,0,FL,TRUE
L455F,YES,,-0.673234,5.4536,1,1,0,0,LF,TRUE
N481K,YES,,-0.117517,0,2,0,0,1,NK,TRUE
G339D,,,-1.09666,0,5,1,1,-1,GD,FALSE
R346I,,,1.14509,-0.0006,3,-1,-1,-1,RI,FALSE
E406Q,,,1.27455,0.1,1,0,0,1,EQ,FALSE
K444N,,,1.116,0.2599,3,0,0,-1,KN,FALSE
F497V,,,5.19416,0.0147,3,-1,0,0,FV,FALSE
P499T,,,3.30142,0.1166,3,0,1,0,PT,FALSE
Q506K,,,-0.971517,0.2514,3,0,0,1,QK,FALSE
P507T,,,5.29669,0.0122,5,0,1,0,PT,FALSE
V511I,,,0.986909,0,5,0,0,0,VI,FALSE
L517V,,,0.522274,0,5,0,0,0,LV,FALSE
H519Y,,,-0.331486,0,5,0,-1,0,HY,FALSE
H519L,,,-0.0484775,0,5,0,-1,0,HL,FALSE
P521S,,,1.08721,0,5,0,1,0,PS,FALSE
A522P,,,-0.673038,0,5,0,0,0,AP,FALSE
I332V,Residue not found in PDB,,,,5,0,0,0,IV,FALSE
N354K,,,-0.600667,0,5,0,0,1,NK,FALSE
T470N,,,0.180822,0.0001,2,0,0,0,TN,FALSE
V483K,,,-0.743154,0.0001,2,0,1,1,VK,FALSE
F490P,,,-0.0908669,0.0272,2,-1,0,0,FP,FALSE
S494P,,,-0.919364,0.1058,2,0,-1,0,SP,FALSE
E465D,,,0.686587,0.001,5,0,0,0,ED,FALSE
T470I,,,0.187925,0,2,0,-1,0,TI,FALSE
R357K,,,-0.655391,0,5,0,0,0,RK,FALSE
I410V,,,1.0139,0,5,0,0,0,IV,FALSE
T478I,,,-0.0501014,-0.0933,2,0,-1,0,TI,FALSE
G482S,,,1.8566,0,2,1,1,0,GS,FALSE
Q493L,,,-0.153744,-0.9018,2,0,-1,0,QL,FALSE
S514F,,,-2.44641,0,5,1,-1,0,SF,FALSE
L335S,,,1.25368,0,5,0,1,0,LS,FALSE
P337S,,,1.59961,0,5,0,1,0,PS,FALSE
N370K,,,0.139691,0,4,0,0,1,NK,FALSE
N440R,,,-0.629083,0.0919,3,1,0,1,NR,FALSE
L441F,,,-0.0876397,0.0001,3,1,0,0,LF,FALSE
V445S,,,0.0929619,-0.0087,3,0,1,0,VS,FALSE
P479L,,,0.790593,0,2,0,0,0,PL,FALSE
L518P,,,3.98768,0,5,0,0,0,LP,FALSE
A522V,,,-0.0621427,0,5,0,0,0,AV,FALSE
K529N,Residue not found in PDB,,,,5,0,0,-1,KN,FALSE
E340D,,,0.0194148,0,5,0,0,0,ED,FALSE
N370S,,,0.774487,0,4,0,0,0,NS,FALSE
R408G,,,1.23591,-0.0603,5,-1,-1,-1,RG,FALSE
Q474K,,,-0.697074,0.0142,1,0,0,1,QK,FALSE
E484T,,,0.785709,-0.0809,2,0,0,1,ET,FALSE
L513I,,,0.946813,0,5,0,0,0,LI,FALSE
L517F,,,0.363792,0,5,1,0,0,LF,FALSE
A348S,,,0.119972,0,5,0,1,0,AS,FALSE
A411S,,,-0.245588,0,5,0,1,0,AS,FALSE
G446I,,,3.96135,0.2609,3,1,0,0,GI,FALSE
P463S,,,2.77544,0,5,0,1,0,PS,FALSE
L518I,,,1.04723,0,5,0,0,0,LI,FALSE
F486L,,,0.102503,0.9214,1,-1,0,0,FL,FALSE
T478N,,,0.0557698,0.0369,2,0,0,0,TN,FALSE
A520S,,,0.490187,0,5,0,1,0,AS,FALSE
P521T,,,1.16056,0,5,0,1,0,PT,FALSE
P521Q,,,0.908676,0,5,1,1,0,PQ,FALSE
N334K,,,-0.207886,0,5,0,0,1,NK,FALSE
P337H,,,1.90295,0,5,1,1,0,PH,FALSE
F338L,,,1.51471,0,5,-1,0,0,FL,FALSE
N354S,,,-0.00937475,0,5,0,0,0,NS,FALSE
A411T,,,0.517806,0,5,1,1,0,AT,FALSE
I468V,,,0.294917,0,5,0,0,0,IV,FALSE
G482R,,,1.67288,0.0034,2,1,1,1,GR,FALSE
V483I,,,0.22303,-0.00009,2,0,0,0,VI,FALSE
V483F,,,-0.0710314,0.0001,2,1,0,0,VF,FALSE
E484S,,,0.826255,-0.0809,2,-1,0,1,ES,FALSE
A348T,,,3.34639,0,5,1,1,0,AT,FALSE
V367F,,,-0.0906575,0,4,1,0,0,VF,FALSE
L368M,,,-0.347061,0,4,0,1,0,LM,FALSE
T376S,,,0.697237,0,5,0,0,0,TS,FALSE
T385I,,,-0.654596,0,5,0,-1,0,TI,FALSE
L455W,,,0.704048,3.1385,1,1,0,0,LW,FALSE
K462E,,,0.366948,0.0004,5,0,0,-2,KE,FALSE
P479H,,,1.05901,0,2,1,1,0,PH,FALSE
E516Q,,,1.27417,0,5,0,0,1,EQ,FALSE
P521L,,,0.682001,0,5,0,0,0,PL,FALSE
T523S,,,-0.016719,0,5,0,0,0,TS,FALSE
N354D,,,-0.280953,0,5,0,0,-1,ND,FALSE
F490A,,,1.13061,0.0092,2,-1,0,0,FA,FALSE
G339N,,,-0.083178,0,5,1,1,0,GN,FALSE
V367I,,,0.104416,0,4,0,0,0,VI,FALSE
T478K,,,-0.282969,0.0369,2,0,0,1,TK,FALSE
G482D,,,1.61262,0.0192,2,1,1,-1,GD,FALSE
G482A,,,2.06496,0,2,0,0,0,GA,FALSE
K356R,,,0.195908,0,5,0,0,0,KR,FALSE
L452Q,,,0.9565,0.013,3,0,1,0,LQ,FALSE
G339R,,,-0.259329,0,5,1,1,1,GR,FALSE
G339Y,,,-0.241244,0,5,1,0,0,GY,FALSE
R403N,,,2.71708,-0.134,1,-1,0,-1,RN,FALSE
G447C,,,3.99,1.6029,3,1,1,0,GC,FALSE
F456V,,,1.41744,2.0475,1,-1,0,0,FV,FALSE
F456S,,,2.77334,2.604,1,-1,1,0,FS,FALSE
G476D,,,1.2555,1.0614,1,1,1,-1,GD,FALSE
S477D,,,-0.0201975,-0.0786,2,0,0,-1,SD,FALSE
T478E,,,-0.554707,-0.0731,2,0,0,-1,TE,FALSE
N481E,,,0.14524,0,2,0,0,-1,NE,FALSE
E484A,,,0.84911,-0.0809,2,-1,-1,1,EA,FALSE
N487T,,,2.4935,1.5372,1,0,0,0,NT,FALSE
N487D,,,0.490592,-0.1696,1,0,0,-1,ND,FALSE
G496C,,,-1.79116,0.8486,3,1,1,0,GC,FALSE
G446N,,,3.28435,-0.4342,3,1,1,0,GN,FALSE
A475S,,,0.0660993,0.5992,1,0,1,0,AS,FALSE
N481R,,,0.0284429,0.0013,2,1,0,1,NR,FALSE
G482K,,,1.409,0.0034,2,1,1,1,GK,FALSE
V483D,,,0.3654,0.0227,2,0,1,-1,VD,FALSE
V483G,,,-0.13994,0.0002,2,-1,0,0,VG,FALSE
Y489H,,,0.439562,1.9755,1,0,1,0,YH,FALSE
P337R,,,1.773,0,5,1,1,1,PR,FALSE
V445Y,,,-0.6543,-0.3573,3,1,0,0,VY,FALSE
P479K,,,0.84364,0.0149,2,1,1,1,PK,FALSE
S371F,,,-0.361318,0,4,1,-1,0,SF,FALSE
T376A,,,0.3838,0,5,-1,-1,0,TA,FALSE
D405N,,,0.673158,0.0231,1,0,0,1,DN,FALSE
R408S,,,0.914323,-0.0603,5,-1,0,-1,RS,FALSE
K417T,,,0.537924,0.9547,1,0,0,-1,KT,FALSE
E340K,,,0.408245,0,5,0,0,2,EK,FALSE
H519Q,,,-0.0315626,0,5,0,0,0,HQ,FALSE
K462R,,,-0.215973,0,5,0,0,0,KR,FALSE
L518V,,,2.809,0,5,0,0,0,LV,FALSE
S359N,,,1.0501,0,5,0,0,0,SN,FALSE
T385P,,,-1.58527,0,4,0,-1,0,TP,FALSE
T430P,,,0.625795,0,5,0,-1,0,TP,FALSE
V445F,,,-0.7307,-0.3742,3,1,0,0,VF,FALSE
A520E,,,-0.0504525,0,5,1,1,-1,AE,FALSE
K444M,,,1.0212,0.145,3,0,0,-1,KM,FALSE
G446V,,,4.21376,0.251,3,1,0,0,GV,FALSE
T478Q,,,-0.0499591,0.0369,2,0,0,0,TQ,FALSE
V483A,,,-0.099,-0.0001,2,0,0,0,VA,FALSE
G485D,,,0.526396,-0.0693,2,1,1,-1,GD,FALSE
P499S,,,2.485,0.1715,3,0,1,0,PS,FALSE
K528R,Residue not found in PDB,,,,5,0,0,0,KR,FALSE
R346G,,,1.6061,-0.0001,3,-1,-1,-1,RG,FALSE
D405H,,,0.190907,-0.0089,1,0,0,1,DH,FALSE
V407I,,,-0.58,0,5,0,0,0,VI,FALSE
E484G,,,1.629,-0.0809,2,-1,-1,1,EG,FALSE
F342L,,,1.90212,0,5,-1,0,0,FL,FALSE
A344T,,,0.80984,0,5,1,1,0,AT,FALSE
V382L,,,0.849207,0,4,0,0,0,VL,FALSE
G446T,,,4.058,0.2443,3,1,1,0,GT,FALSE
N448D,,,0.038,0.0558,3,0,0,-1,ND,FALSE
N448S,,,1.9093,0.0095,3,0,0,0,NS,FALSE
F486V,,,0.100512,1.917,1,-1,0,0,FV,FALSE
F490V,,,1.8297,0.0082,2,-1,0,0,FV,FALSE
F490Y,,,0.220598,-0.0002,2,0,0,0,FY,FALSE
F490L,,,0.608,0.008,2,-1,0,0,FL,FALSE
A344S,,,-0.326079,0,5,0,1,0,AS,FALSE
R346S,,,1.2402,0,3,-1,0,-1,RS,FALSE
V445A,,,0.03843,0.0503,3,0,0,0,VA,FALSE
K529T,Residue not found in PDB,,,,5,0,0,-1,KT,FALSE
I434V,,,1.404,0,5,0,0,0,IV,FALSE
Y449F,,,0.803482,1.5874,3,0,0,0,YF,FALSE
G485S,,,1.228,-0.0079,2,1,1,0,GS,FALSE
S349P,,,-1.81,0,5,0,-1,0,SP,FALSE
G496D,,,-1.07,2.3568,3,1,1,-1,GD,FALSE
L461I,,,1.47,0.0011,5,0,0,0,LI,FALSE
V362F,,,0.801,0,5,1,0,0,VF,FALSE
E484V,,,0.76843,-0.0809,5,-1,-1,1,EV,FALSE
F347C,,,2.395,0,3,-1,1,0,FC,FALSE
E471A,,,-0.0063,0.0034,2,-1,-1,1,EA,FALSE
F486I,,,0.212007,,1,-1,0,0,FI,FALSE
V367L,,,-0.15,0,4,0,0,0,VL,FALSE
R408N,,,1.3242,-0.06,5,-1,0,-1,RN,FALSE
E340Q,,,0.657187,0,5,0,0,1,EQ,FALSE
N481S,,,0.5196,0,2,0,0,0,NS,FALSE
S459A,,,0.349,0,1,0,-1,0,SA,FALSE
S359I,,,0.2043,0,5,0,-1,0,SI,FALSE
I434L,,,2.371,0,5,0,0,0,IL,FALSE
A352S,,,-0.3291,0,5,0,1,0,AS,FALSE
S375A,,,-0.1,0,5,0,-1,0,SA,FALSE
T376P,,,4.3,0,5,0,-1,0,TP,FALSE
Y369H,,,0.181912,0,4,0,1,0,YH,FALSE
S373L,,,0.184,0,5,0,-1,0,SL,FALSE
T430I,,,-0.4579,0,5,0,-1,0,TI,FALSE
Y453H,,,2.31,0.0416,1,0,1,0,YH,FALSE
L335F,,,0.3989,0,5,1,0,0,LF,FALSE
P330S,Residue not found in PDB,,,,5,0,1,0,PS,FALSE
A344D,,,0.184582,0.0001,5,1,1,-1,AD,FALSE
A352V,,,1.12755,0,5,0,0,0,AV,FALSE
T500A,,,-0.324943,0.5926,3,-1,-1,0,TA,FALSE
Y453F,,,0.0435074,-0.3736,1,0,0,0,YF,FALSE
V341I,,,-1.20061,0,5,0,0,0,VI,FALSE
V445L,,,-0.860684,-0.1809,3,0,0,0,VL,FALSE
P507A,,,2.36977,-0.0026,5,0,0,0,PA,FALSE
G446D,,,3.01189,-0.4027,3,1,1,-1,GD,FALSE
F464L,,,1.86711,0,5,-1,0,0,FL,FALSE
F486A,,,0.00107311,2.9016,1,-1,0,0,FA,FALSE